login,password,role,favoriteItems,phoneNum
mfarrears0,dshimoni0,manager,Lemonade,951-913-6078
ckohlert1,lvonhelmholtz1,driver,Nachos,807-458-4636
twimms2,ivanzon2,driver,Nachos,626-106-1038
lbeldom3,bconrath3,customer,Deluxe Pizza,905-410-5557
gjadczak4,cschreurs4,manager,Meat Lover's Pizza,596-743-6468
imaccawley5,hventham5,driver,Water Bottle,583-861-6179
emquharge6,channing6,driver,Meat Lover's Pizza,775-286-3205
strytsman7,jratnege7,driver,Spicy Chicken Sausage Pizza,764-966-3273
clitherborough8,tyallop8,driver,Pacific Veggie Pizza,836-142-6422
adifrancecshi9,fsharp9,driver,Ice Cream,527-955-9454
mestoilea,rturvillea,manager,Brownie,801-885-3106
pdenchb,asirmondb,driver,Water Bottle,730-182-9442
jbalaamc,hsuttonc,customer,Pacific Veggie Pizza,587-957-4408
ksawelld,kcreigand,manager,Deluxe Pizza,289-714-8668
ilamballe,jdumbletone,customer,Vegetarian Pizza,353-759-2498
lassurf,ggreetlandf,driver,Breadsticks,561-359-9083
amcmeekang,hcortezg,manager,Caesar Salad,505-409-1623
ochessonh,wsolletth,manager,Spicy Chicken Sausage Pizza,645-216-6663
ghardacrei,gcrushami,driver,Hawaiian Pizza,465-792-6735
giannoj,vfortnumj,driver,Lemonade,324-658-6401
pzellnerk,rmcdaidk,driver,Wisconsin 6-Cheese Pizza,300-711-2118
nhaskerl,ssiggensl,manager,Brownie,835-670-5543
gblackfordm,dshannahanm,manager,Deluxe Pizza,990-543-7054
smorcomben,kdrakersn,customer,Spicy Chicken Sausage Pizza,269-949-1039
rbandyo,cpendreigho,manager,Pacific Veggie Pizza,421-770-5521
kdunyp,amaruskap,driver,Nachos,366-206-4190
rfonteq,tbeirneq,driver,Hawaiian Pizza,762-345-8378
egoodbairnr,bstopper,manager,Coca-Cola,750-913-8112
istitts,dmenlows,customer,Pesto Margherita Pizza,703-674-6015
zlangsburyt,tmanselt,driver,Spicy Chicken Sausage Pizza,128-173-8659
nsissonsu,dmcclintonu,driver,Spicy Chicken Sausage Pizza,177-260-9472
npetersenv,mcanerov,manager,Pacific Veggie Pizza,783-789-2981
gantoshinw,cebenezerw,driver,Water Bottle,391-787-3351
fabramofx,wtribellx,customer,Buffalo Chicken Pizza,298-290-5138
mmayory,skermany,manager,Pesto Margherita Pizza,308-333-2855
sgligorijevicz,lmoorsz,customer,Spinach & Feta Pizza,742-195-9122
ahryniewicki10,vhrycek10,customer,Water Bottle,996-276-9728
kadamczewski11,emapes11,manager,Sprite,419-361-2198
apasso12,jgoom12,customer,BBQ Chicken Pizza,583-307-3499
rdeaton13,lattoc13,manager,Deluxe Pizza,579-637-6780
aosgardby14,ssarginson14,customer,Wisconsin 6-Cheese Pizza,190-324-0523
asteanyng15,szealey15,manager,Pepsi,611-627-4378
cdemare16,amoar16,manager,Vegetarian Pizza,261-494-8368
mschwant17,gdrayn17,customer,Meat Lover's Pizza,496-987-8371
rgarm18,wmarshal18,customer,Meat Lover's Pizza,947-698-0430
byurlov19,jtriner19,customer,BBQ Chicken Pizza,478-654-7674
rmecchi1a,rsember1a,customer,Breadsticks,570-566-9791
dcurrington1b,gwalthall1b,customer,Pesto Margherita Pizza,619-447-6511
kbirkenhead1c,cpockey1c,driver,7up,384-715-8457
ksperwell1d,mspowart1d,driver,Hawaiian Pizza,201-194-1184
wridgway1e,jlumley1e,customer,Sprite,393-171-5059
swestall1f,hchiese1f,customer,Pepsi,534-333-5443
ydeleon1g,smoorman1g,customer,Water Bottle,868-321-0167
bcoling1h,spadson1h,customer,Water Bottle,425-804-9248
dbateson1i,vitscovitz1i,customer,Deluxe Pizza,794-474-7807
tclover1j,lberget1j,driver,Water Bottle,975-110-5938
acollar1k,fmcniven1k,manager,Coca-Cola,713-529-1661
yminchinton1l,rfairnington1l,manager,Wisconsin 6-Cheese Pizza,671-290-2633
dmendoza1m,kdangelo1m,manager,Brownie,931-588-0952
mivey1n,mathey1n,customer,Brownie,955-957-1698
rcurrer1o,fbauld1o,customer,Spinach & Feta Pizza,477-925-2814
ewallman1p,kmatteotti1p,driver,Brownie,888-940-4291
lstripling1q,cklaaassen1q,driver,Brownie,444-778-1610
apolglase1r,bbredbury1r,driver,Deluxe Pizza,595-780-7427
zgaul1s,lferguson1s,driver,Spicy Chicken Sausage Pizza,899-159-9858
spailin1t,ggalbraith1t,customer,Coca-Cola,583-907-8494
ccharker1u,mmeiner1u,driver,Nachos,504-199-6987
emitchelhill1v,pkilgallon1v,driver,Brownie,724-596-0134
ybaldacco1w,pmateev1w,customer,Pepperoni Pizza,364-985-0866
jkiggel1x,jphlippi1x,customer,Spicy Chicken Sausage Pizza,517-667-9731
acleminson1y,bfylan1y,manager,Cheese Pizza,217-671-6755
aorrocks1z,jveschi1z,customer,Pepperoni Pizza,183-211-2177
jkennermann20,imawdsley20,customer,Coca-Cola,582-385-5246
bcarnock21,smyerscough21,manager,Nachos,603-854-0929
fdarragon22,ccicchetto22,customer,Sprite,162-921-2342
fglawsop23,uheinzel23,driver,Ice Cream,962-568-6172
ihakewell24,amanilow24,driver,Lemonade,299-654-0825
aelwel25,fkaplan25,manager,Buffalo Chicken Pizza,106-133-0716
mbalog26,atolland26,driver,Spicy Chicken Sausage Pizza,376-328-2757
hbrierton27,llogan27,manager,7up,590-133-7658
lelverstone28,cschlag28,manager,Pepsi,684-353-6373
sviscovi29,sbelshaw29,manager,Hawaiian Pizza,619-745-5394
rlapslie2a,ysinderson2a,customer,Pacific Veggie Pizza,235-261-5206
msirkett2b,cmillett2b,manager,7up,815-288-4750
jmollitt2c,jmanilow2c,driver,Nachos,422-245-2778
kwestoff2d,vbezants2d,customer,Sprite,560-839-1036
lotuohy2e,sbentje2e,driver,Pepsi,102-842-2002
cmerchant2f,gmacadam2f,driver,Cheese Pizza,836-353-5627
cgodwin2g,dudale2g,customer,Pepsi,983-899-6621
ohalgarth2h,nsnipe2h,customer,Deluxe Pizza,856-367-9800
fluker2i,bfeldman2i,driver,Pesto Margherita Pizza,668-393-6258
kierland2j,bsmieton2j,manager,Pacific Veggie Pizza,354-392-7606
rwhittle2k,kseeviour2k,customer,7up,448-413-2521
wharsnep2l,ynacey2l,driver,Hawaiian Pizza,193-930-8166
cshervington2m,fleithharvey2m,manager,Brownie,510-110-3728
abaudinot2n,bpellett2n,manager,Meat Lover's Pizza,760-724-7369
jrolfini2o,cbernardotti2o,customer,Chocolate Cake,604-797-2847
cdyet2p,eschiefersten2p,driver,Lemonade,687-723-9030
lfutcher2q,pgounard2q,manager,Pepsi,375-145-4064
rwaddell2r,straviss2r,driver,Wisconsin 6-Cheese Pizza,167-144-5493
btabard2s,jdaish2s,customer,Breadsticks,883-104-8526
bdunsmuir2t,mfairey2t,driver,Pepsi,610-926-0020
ericioppo2u,dplaide2u,customer,Cheese Pizza,526-870-7537
lwornum2v,astredder2v,customer,Wisconsin 6-Cheese Pizza,615-613-6021
soliddy2w,tfilkin2w,customer,Deluxe Pizza,568-499-9232
bearngy2x,amatskiv2x,driver,Sprite,229-587-6203
cfincke2y,klossman2y,customer,Pepperoni Pizza,419-640-1339
ncaudrelier2z,khammell2z,manager,Brownie,674-287-4823
agodwin30,fbestwick30,manager,Buffalo Chicken Pizza,153-736-1728
hheyworth31,sschellig31,manager,Ice Cream,320-782-0985
vwadwell32,inormavell32,customer,Nachos,510-436-8638
cvallender33,lstockney33,driver,Deluxe Pizza,602-516-2977
mjehaes34,rcashman34,driver,Hawaiian Pizza,899-284-6441
vkorous35,tluxmoore35,customer,Pacific Veggie Pizza,538-893-9853
eshilling36,sgrenfell36,manager,Deluxe Pizza,742-626-3459
nraunds37,dida37,driver,Pacific Veggie Pizza,849-622-9594
nmckeown38,bdonke38,driver,Cheese Pizza,576-609-4263
ugovan39,cberthelmot39,manager,Wisconsin 6-Cheese Pizza,404-349-0356
echidley3a,zdubble3a,manager,Ice Cream,852-322-7524
swaterstone3b,bperone3b,manager,Pepsi,798-912-8225
dalton3c,glibero3c,driver,Nachos,827-414-3515
dbenkhe3d,rernke3d,driver,Fries,527-240-6629
kplews3e,jcancelier3e,customer,Pesto Margherita Pizza,391-593-9267
itorrie3f,sleachman3f,driver,Pepsi,541-607-9570
gkindleside3g,ileeman3g,customer,Sprite,230-639-8710
nhindmore3h,nbinne3h,driver,Vegetarian Pizza,765-571-1601
ahakking3i,troscamp3i,driver,Water Bottle,243-350-7041
ashouler3j,bwelch3j,customer,Coca-Cola,882-358-7989
wcostigan3k,eemeny3k,driver,Meat Lover's Pizza,386-671-8033
slicari3l,rpettisall3l,manager,7up,394-735-5838
rnoad3m,econdie3m,driver,Nachos,270-222-2743
dcraker3n,ccribbins3n,manager,Pacific Veggie Pizza,125-695-5383
mcrossby3o,fevison3o,customer,Fries,413-293-2860
gbenton3p,cpeters3p,manager,Vegetarian Pizza,568-947-2582
fwadesworth3q,qgault3q,manager,Water Bottle,259-936-5516
vdomeney3r,gredon3r,customer,Breadsticks,408-466-9095
btripean3s,chunnable3s,customer,Caesar Salad,257-978-6020
ebrisco3t,cjopson3t,driver,Hawaiian Pizza,414-813-4361
flouch3u,bwhitnall3u,customer,Meat Lover's Pizza,918-139-8200
bnutton3v,jcorona3v,manager,Coca-Cola,747-331-7642
epleavin3w,rhamlett3w,driver,Meat Lover's Pizza,788-782-6367
jninnis3x,jcompston3x,customer,Fries,907-104-0374
adownie3y,wrickson3y,driver,Buffalo Chicken Pizza,329-244-0733
gcharrisson3z,mdrakeford3z,driver,Caesar Salad,162-831-1432
nwhorf40,mmchardy40,customer,Lemonade,611-180-3616
lmcettrick41,ttwelves41,customer,Pepperoni Pizza,938-730-9989
twhebell42,ngritten42,driver,Pacific Veggie Pizza,509-743-2321
aoene43,rbattlestone43,driver,BBQ Chicken Pizza,716-811-9593
sfoxley44,vsaker44,driver,Deluxe Pizza,713-944-7822
fschubbert45,lohoey45,manager,Chocolate Cake,147-283-8626
lgreenhouse46,fjacobssen46,driver,Wisconsin 6-Cheese Pizza,341-218-0418
blyptratt47,todegaard47,manager,Buffalo Chicken Pizza,532-395-1979
zabbett48,aantonnikov48,customer,7up,585-569-9207
ndumphrey49,wbortoletti49,customer,Pesto Margherita Pizza,497-392-1502
jdurling4a,akinnett4a,manager,Wisconsin 6-Cheese Pizza,985-911-1499
oduffyn4b,jmulford4b,customer,Spicy Chicken Sausage Pizza,548-189-9367
asterzaker4c,akaine4c,customer,Pepperoni Pizza,579-270-5731
ccardwell4d,gmathe4d,manager,Hawaiian Pizza,902-566-5755
sminshull4e,aacarson4e,driver,Deluxe Pizza,832-214-3295
pbarnshaw4f,rfolks4f,manager,Meat Lover's Pizza,952-723-2130
lmoffatt4g,tgearty4g,customer,Cheese Pizza,386-595-2023
cbrewin4h,hbroggetti4h,manager,Breadsticks,247-435-3301
bdavidsson4i,ehammer4i,driver,Pasta,980-479-2853
twetton4j,elemarquand4j,driver,Pesto Margherita Pizza,671-604-2922
asewart4k,svallentin4k,manager,Ice Cream,131-318-4990
trunacres4l,kottewill4l,manager,Deluxe Pizza,492-727-4920
bcuseck4m,pmcart4m,driver,7up,322-956-6449
ggurley4n,jarrigo4n,customer,Lemonade,384-929-9916
crains4o,djirieck4o,customer,Nachos,687-172-9496
ebrogiotti4p,rblackden4p,manager,Coca-Cola,939-324-2053
rpengelley4q,lwestmerland4q,customer,Wisconsin 6-Cheese Pizza,621-275-2282
telloway4r,olumbers4r,customer,Fries,592-147-0254
ftwinberrow4s,mjennins4s,customer,Spinach & Feta Pizza,740-271-2651
bwycherley4t,doleszczak4t,customer,Water Bottle,903-862-9830
lbane4u,xmacandrew4u,driver,Deluxe Pizza,993-135-0093
kkeyworth4v,rjozefowicz4v,customer,BBQ Chicken Pizza,105-852-9222
areddecliffe4w,delman4w,manager,Deluxe Pizza,186-502-8966
epietri4x,kpieroni4x,customer,Spinach & Feta Pizza,293-984-5049
edaeth4y,eblackley4y,driver,Lemonade,384-272-0004
soleagham4z,atomlins4z,customer,Caesar Salad,555-255-3422
cmenichino50,tmehmet50,driver,Chocolate Cake,414-602-0743
dalexsandrovich51,eattrill51,driver,Breadsticks,198-261-6072
aellph52,ppease52,customer,7up,722-905-7550
lstannah53,mdedman53,customer,Nachos,328-690-6061
joffin54,csirl54,manager,Breadsticks,478-361-0973
cshade55,aenefer55,customer,Pepsi,973-295-6698
talvin56,jbrigshaw56,driver,Vegetarian Pizza,152-153-0946
pfareweather57,abisgrove57,manager,Pepsi,797-382-4645
pjeannin58,cayshford58,customer,Pasta,358-784-2066
lburdell59,mledington59,customer,Vegetarian Pizza,402-273-5201
amctrustrie5a,nbateman5a,manager,Brownie,828-572-9599
gfitzgibbon5b,vbarnfield5b,customer,Deluxe Pizza,176-962-2072
agillyett5c,emilmore5c,manager,Wisconsin 6-Cheese Pizza,748-535-0732
edewsnap5d,jmccarter5d,customer,Lemonade,630-243-0402
wwillans5e,fworvell5e,driver,Cheese Pizza,138-548-9635
mszymoni5f,kstanyland5f,manager,Pepsi,257-679-9186
sfrancomb5g,kmacgaffey5g,customer,Deluxe Pizza,188-217-4634
wmarshallsay5h,abridgwater5h,driver,Breadsticks,925-459-4002
fgallico5i,tlithcow5i,driver,Buffalo Chicken Pizza,606-673-9954
sravenscraft5j,dianni5j,customer,Hawaiian Pizza,858-212-9691
gphilbrick5k,meich5k,customer,BBQ Chicken Pizza,787-150-4556
balgore5l,jskally5l,customer,Buffalo Chicken Pizza,978-232-0925
klemary5m,abuckie5m,customer,Vegetarian Pizza,310-780-8557
hclemencon5n,emarking5n,manager,Vegetarian Pizza,226-853-2760
smidner5o,bgarretson5o,driver,Lemonade,107-382-4304
ndolohunty5p,cspolton5p,customer,Deluxe Pizza,918-133-7737
rpenny5q,aarthur5q,customer,Pasta,240-763-8239
vlinbohm5r,mdufaur5r,driver,Caesar Salad,472-759-3147
llambrechts5s,akennsley5s,manager,Pepperoni Pizza,955-929-9116
klipscombe5t,tsmalecombe5t,driver,Breadsticks,361-445-0089
fkersley5u,iepinoy5u,driver,Ice Cream,768-395-3436
aoffa5v,vrhelton5v,customer,Pepsi,203-693-4221
iwinn5w,mhavile5w,driver,Fries,841-247-0985
alavrinov5x,gcaville5x,driver,Water Bottle,344-853-3992
isamper5y,semberson5y,manager,Coca-Cola,368-520-7646
epidduck5z,bbruffell5z,customer,Hawaiian Pizza,423-354-8654
bdelve60,dcambridge60,manager,Chocolate Cake,283-247-4083
cheams61,rvile61,driver,Fries,940-960-1421
cbrackenridge62,nkinneally62,customer,Lemonade,721-775-0301
laxton63,dolagen63,customer,Brownie,206-433-7882
tconnolly64,jaizkovitch64,manager,Caesar Salad,106-679-3930
tbengtson65,bsilwood65,driver,Meat Lover's Pizza,825-834-3351
epead66,qsummers66,driver,Deluxe Pizza,430-942-3155
fchesterton67,gmcgeachey67,driver,Pesto Margherita Pizza,418-974-1495
hpratt68,bwinfindale68,manager,Spicy Chicken Sausage Pizza,433-338-5196
ccastello69,sthurman69,driver,Pepperoni Pizza,424-500-3394
ffraczak6a,jbarley6a,customer,Cheese Pizza,926-757-0432
nvenart6b,ccamilletti6b,customer,Deluxe Pizza,795-605-2542
pbruckner6c,tlinning6c,driver,Lemonade,649-662-2158
bseemmonds6d,rquest6d,manager,Water Bottle,485-736-6940
rmaidstone6e,ndumini6e,customer,Breadsticks,721-428-8227
lgauler6f,lpaige6f,driver,Buffalo Chicken Pizza,220-183-8210
sshakesbye6g,deggerton6g,customer,Wisconsin 6-Cheese Pizza,508-331-2713
bambresin6h,asturzaker6h,manager,Ice Cream,180-876-8854
dbolus6i,fandreasson6i,manager,Water Bottle,211-983-5193
alezemore6j,sbillin6j,manager,Pepsi,134-985-6991
wthirlwell6k,acasassa6k,customer,Brownie,282-679-9755
njorat6l,mfilipov6l,customer,Buffalo Chicken Pizza,620-390-0338
sbartolic6m,hwestman6m,manager,Ice Cream,220-447-7395
efife6n,jcheasman6n,driver,Breadsticks,725-391-4142
xmurrow6o,lgolsby6o,driver,Ice Cream,713-806-8358
lcoushe6p,rsegge6p,driver,Hawaiian Pizza,304-721-8336
alangfat6q,cburress6q,customer,Cheese Pizza,138-670-5555
rpritty6r,crookledge6r,customer,Pepperoni Pizza,646-396-8327
gruddin6s,acowerd6s,driver,Coca-Cola,346-625-7109
cexley6t,cbambury6t,driver,Spinach & Feta Pizza,198-852-4316
iciccottini6u,mgiacubo6u,manager,Ice Cream,193-322-3935
ckarpol6v,kmantram6v,customer,Nachos,232-678-3917
rtrent6w,ksherwill6w,customer,Pacific Veggie Pizza,929-353-4208
mpostill6x,sharroway6x,manager,Fries,503-670-8485
wnice6y,dginty6y,manager,Pacific Veggie Pizza,356-361-3302
mderyebarrett6z,krusbridge6z,driver,Sprite,848-262-6131
forwin70,belfitt70,manager,Spinach & Feta Pizza,837-754-8768
ahugueville71,csandys71,driver,Pepsi,507-458-3924
slunbech72,shanmer72,customer,BBQ Chicken Pizza,456-396-9653
nwillas73,kwhitsey73,manager,Wisconsin 6-Cheese Pizza,282-380-4184
kdines74,ifarnell74,customer,Hawaiian Pizza,206-117-7107
tdaborn75,dgoold75,driver,Breadsticks,712-405-5882
dwinfred76,lrenshell76,driver,Chocolate Cake,695-371-1813
dbulch77,oferandez77,driver,Pepsi,662-753-2972
ccorbett78,hgoulden78,manager,Pepsi,526-449-5537
dmacpeice79,kstoving79,manager,Nachos,892-745-9625
lmctrusty7a,hogilvy7a,manager,Buffalo Chicken Pizza,809-898-0630
mmchugh7b,cbaudry7b,driver,Meat Lover's Pizza,536-213-9901
drobens7c,jdowe7c,manager,Buffalo Chicken Pizza,837-599-9719
kbirdall7d,agorger7d,driver,Hawaiian Pizza,442-412-1442
sgerardeaux7e,rodell7e,manager,Pepsi,884-602-8999
etames7f,seland7f,customer,Spicy Chicken Sausage Pizza,375-442-4900
kclementet7g,kperrott7g,manager,Meat Lover's Pizza,283-175-7099
bjentges7h,jswindon7h,customer,Hawaiian Pizza,250-216-3634
cwildgoose7i,jsheircliffe7i,driver,Pepperoni Pizza,889-914-4071
mdarey7j,swalls7j,driver,BBQ Chicken Pizza,632-740-7782
hzack7k,lthayre7k,driver,Spinach & Feta Pizza,605-111-6299
zwilley7l,ahavard7l,customer,Pasta,394-316-5828
acrouch7m,evinck7m,driver,Cheese Pizza,710-478-6621
pcaldes7n,kgiacopazzi7n,customer,7up,185-621-1894
npatman7o,bgerriessen7o,manager,Pacific Veggie Pizza,821-146-0820
bbleasdille7p,jemery7p,manager,Pepsi,302-536-3797
alunk7q,mdyneley7q,customer,Nachos,420-215-1958
fandriss7r,imccory7r,driver,Vegetarian Pizza,841-814-0265
ralmak7s,gbarbary7s,customer,Pasta,525-749-4292
egarretts7t,fdyson7t,customer,Hawaiian Pizza,418-225-8859
hcleminson7u,hstowers7u,driver,Fries,731-747-5239
cfrangione7v,bgadman7v,manager,Vegetarian Pizza,344-512-6519
jhurler7w,cdonhardt7w,driver,Spicy Chicken Sausage Pizza,564-908-5751
mjelliman7x,dmoan7x,customer,Spinach & Feta Pizza,721-734-7287
cbagott7y,mgilbanks7y,driver,Meat Lover's Pizza,358-773-1937
ltrevena7z,ecrannis7z,driver,Cheese Pizza,654-308-1283
acorradeschi80,wsimmank80,manager,Cheese Pizza,890-304-4244
srobertshaw81,gpreedy81,driver,Pacific Veggie Pizza,356-160-6337
jyell82,lwistance82,customer,Sprite,517-126-9775
pbarajas83,mszymanowski83,customer,Vegetarian Pizza,820-947-7861
kloseby84,cmorteo84,manager,Fries,654-930-5341
nbrolly85,kfulmen85,manager,Ice Cream,398-778-4663
ctribell86,mcabrales86,driver,Breadsticks,174-222-6443
sscrine87,kdabnot87,driver,BBQ Chicken Pizza,521-164-5405
ltunuy88,ybow88,driver,7up,534-584-4246
lpisco89,dstebbings89,driver,Fries,965-980-6549
kadamovitch8a,frobelet8a,driver,Deluxe Pizza,110-463-2658
ncarress8b,kkubat8b,customer,Buffalo Chicken Pizza,250-681-5849
hgiraudel8c,fdorward8c,manager,Water Bottle,397-619-6145
cdotterill8d,merlam8d,manager,Pasta,486-531-6528
psighart8e,khobell8e,driver,Buffalo Chicken Pizza,769-446-6002
jdury8f,amasedon8f,driver,Cheese Pizza,389-394-9228
lagron8g,jclulow8g,driver,Spinach & Feta Pizza,932-960-3807
ccarty8h,rwindham8h,customer,Pacific Veggie Pizza,346-218-2265
mvanetti8i,lbootherstone8i,manager,Brownie,974-630-0067
mghiron8j,talvaro8j,customer,Fries,352-680-0731
kjanata8k,aluetkemeyers8k,driver,Spinach & Feta Pizza,685-562-0828
msullivan8l,kbernlin8l,driver,Vegetarian Pizza,321-645-4325
ppetrecz8m,bisacke8m,customer,7up,356-858-1778
lklossmann8n,hcabral8n,manager,Pepsi,293-313-3222
adaw8o,jdebiasi8o,customer,Ice Cream,316-279-4846
ftiebe8p,japplin8p,driver,Deluxe Pizza,421-462-6680
bpeet8q,swhellans8q,customer,Brownie,537-200-7151
vpaddy8r,aetuck8r,manager,Cheese Pizza,308-626-0557
jresdale8s,lheggs8s,customer,7up,866-101-4562
tbowra8t,davent8t,manager,Deluxe Pizza,427-375-8834
iciementini8u,alightoller8u,manager,Deluxe Pizza,763-229-3946
abirkinshaw8v,schart8v,manager,Meat Lover's Pizza,620-709-8944
gcookes8w,ldeeney8w,customer,Pacific Veggie Pizza,975-945-2173
fketteman8x,rcattlemull8x,driver,7up,624-108-8258
jdiemer8y,mhacquel8y,manager,Coca-Cola,842-653-8852
dgringley8z,fellesworth8z,customer,Buffalo Chicken Pizza,340-739-3152
ecristofalo90,btween90,customer,Pacific Veggie Pizza,653-874-8770
ahintze91,agiacopelo91,driver,Pepsi,410-186-0813
rlivesay92,emcgennis92,customer,Coca-Cola,262-608-7995
achurchlow93,dbock93,driver,Brownie,407-962-7969
mklimentyev94,tlarsen94,customer,Water Bottle,542-848-2563
aboyton95,cneubigging95,manager,Pacific Veggie Pizza,309-740-7173
gormond96,nmccarroll96,customer,Buffalo Chicken Pizza,340-131-9191
fbrettle97,rbuchett97,customer,Fries,584-654-7847
khambright98,daldine98,manager,Pasta,538-685-4749
gtwelves99,blethbridge99,manager,Vegetarian Pizza,295-890-4882
aparradice9a,aleisman9a,manager,Brownie,624-204-7029
jskeat9b,phammerberg9b,driver,7up,212-355-9593
cminshall9c,reisikovitsh9c,manager,Wisconsin 6-Cheese Pizza,425-151-2701
qdenne9d,eiverson9d,manager,Pacific Veggie Pizza,917-201-3442
cperulli9e,myurevich9e,driver,Wisconsin 6-Cheese Pizza,793-894-4911
nrivel9f,jlarraway9f,manager,Caesar Salad,187-405-8159
xhaycraft9g,emulder9g,manager,Breadsticks,726-331-1116
tdyerson9h,bpole9h,driver,Breadsticks,597-307-7999
giannelli9i,plevet9i,customer,Fries,946-980-3325
aafonso9j,thannigan9j,driver,Fries,196-488-3801
hconman9k,hcorrea9k,customer,Coca-Cola,389-878-0774
tdracksford9l,dcaizley9l,customer,Breadsticks,647-973-4248
mfrapwell9m,nweatherdon9m,driver,Water Bottle,277-863-3893
flaroux9n,tbrilleman9n,manager,Lemonade,344-729-1506
akincade9o,dtomasini9o,driver,Pepsi,931-318-1614
nsolleme9p,ghalegarth9p,manager,Vegetarian Pizza,187-467-0668
mleser9q,pchatwood9q,manager,7up,750-340-6075
jsalsbury9r,kvedekhov9r,manager,Hawaiian Pizza,669-151-0576
ewimmer9s,lredmile9s,customer,Pepperoni Pizza,669-477-4443
hcrevy9t,gturner9t,manager,Deluxe Pizza,637-232-1869
penoksson9u,tmilley9u,customer,BBQ Chicken Pizza,791-283-1859
dbulstrode9v,jdudmesh9v,manager,Pacific Veggie Pizza,899-356-0806
avivian9w,wlaurie9w,manager,Fries,762-670-6040
ftrowler9x,xvisick9x,customer,Spinach & Feta Pizza,916-271-4159
mrobb9y,dtomanek9y,manager,Meat Lover's Pizza,570-903-7254
badran9z,cpenman9z,customer,Pepsi,725-180-9692
gpaulazzia0,kgorgesa0,manager,Pacific Veggie Pizza,985-767-9449
abrockingtona1,ctrenowetha1,manager,Chocolate Cake,117-902-6754
cluigia2,taspolea2,driver,Coca-Cola,828-938-5734
fcliffta3,psnugga3,customer,Breadsticks,683-574-3507
nprozesckya4,jolliara4,customer,Breadsticks,545-509-5817
lfernihougha5,srenoufa5,manager,Coca-Cola,592-404-6511
pczajkowskaa6,blebanga6,customer,BBQ Chicken Pizza,273-992-9038
atourniea7,wpinchbacka7,manager,Fries,183-181-6021
vwhitfielda8,ayakovliva8,customer,Vegetarian Pizza,754-699-4314
ochoata9,kfurzera9,customer,Chocolate Cake,855-277-1778
rtuffeyaa,oimoreaa,driver,Hawaiian Pizza,477-216-9970
mklaessenab,nlawlanab,driver,Deluxe Pizza,760-996-9867
sgallawayac,pjindacekac,manager,Deluxe Pizza,632-489-4325
ftipperad,arochfordad,customer,7up,928-754-8531
idonatiae,kheersemaae,customer,Pesto Margherita Pizza,132-459-9535
fkerinaf,cmcenteeaf,manager,Coca-Cola,886-385-1232
khendrickxag,miacovaccioag,customer,BBQ Chicken Pizza,763-782-5561
rricardah,slongmateah,customer,Deluxe Pizza,384-260-8335
chendonsonai,dseakesai,driver,Caesar Salad,734-598-8460
sstowersaj,clundieaj,driver,Pesto Margherita Pizza,614-555-4413
scheverellak,pwhewillak,driver,Pepperoni Pizza,883-932-6353
naronovichal,bpayal,manager,Brownie,392-638-0717
ldraperam,llindenfeldam,driver,Buffalo Chicken Pizza,379-966-5839
adybellan,vgonningan,driver,Water Bottle,220-971-8595
adanslowao,bbothamsao,manager,Wisconsin 6-Cheese Pizza,931-239-0004
acollefordap,smcauslandap,manager,Pepperoni Pizza,290-874-8053
lmcardleaq,mshillaq,driver,Water Bottle,647-697-3385
aginnellyar,atheobaldar,driver,Buffalo Chicken Pizza,717-913-6624
bharroldas,mglindeas,manager,Water Bottle,914-670-1682
bdilletat,lcroptonat,customer,Water Bottle,978-383-5473
mmaffezzoliau,bgamageau,driver,Sprite,568-159-1541
rlaundonav,mmellhuishav,driver,Brownie,347-794-8608
tmcboyleaw,awetherbyaw,customer,Coca-Cola,344-117-3977
tlabbatiax,nvakhoninax,manager,Brownie,815-369-7696
tpatchingay,agounetay,driver,Pasta,733-288-7615
arenowdenaz,mbockingsaz,customer,Caesar Salad,746-757-6473
kskiplorneb0,yoddb0,manager,Spinach & Feta Pizza,989-666-0040
sfashamb1,hlernerb1,manager,Wisconsin 6-Cheese Pizza,212-945-4645
tdockwrab2,ocuellb2,manager,Wisconsin 6-Cheese Pizza,506-474-3975
kswainsb3,bfairchildb3,driver,Pasta,419-189-0968
rleppardb4,lchamberlinb4,customer,Vegetarian Pizza,664-134-7102
orossboroughb5,gdymokeb5,driver,Pepperoni Pizza,974-970-0348
eyablsleyb6,edundendaleb6,manager,Fries,332-861-9121
kdringb7,fsebireb7,customer,Ice Cream,633-214-9755
wjerwoodb8,lonealb8,customer,Pepsi,748-767-0190
ephillpb9,aabrahamsb9,driver,Caesar Salad,949-464-2004
bfinlasonba,pmatousba,manager,Vegetarian Pizza,162-995-8541
cbudibentbb,mtreslovebb,customer,BBQ Chicken Pizza,426-738-8793
hjergbc,tninottibc,driver,Chocolate Cake,201-786-8445
lshotboultebd,nkenenbd,driver,Nachos,860-796-6120
cguebe,lhuyghebe,manager,Breadsticks,374-304-5987
lsappbf,frossonbf,driver,Vegetarian Pizza,680-191-4888
mforrestbg,bhindgebg,customer,Wisconsin 6-Cheese Pizza,937-307-8186
mcalderbh,jcrookshanksbh,customer,Sprite,984-114-6069
nphilipeauxbi,cpensombi,manager,Wisconsin 6-Cheese Pizza,278-448-3282
mwrittlebj,lantczakbj,customer,Breadsticks,689-769-1719
nmeyerbk,pwatkissbk,driver,Nachos,577-769-9113
gwimsettbl,tnolleaubl,driver,7up,314-286-9881
dcrippsbm,rsherrybm,customer,Ice Cream,546-777-8941
swillmettbn,lmaclainebn,manager,BBQ Chicken Pizza,568-939-2341
mburfittbo,akelwaybo,manager,Coca-Cola,979-377-4660
hdurnobp,whalgarthbp,driver,Pepsi,492-963-5671
bolesbq,gflewbq,customer,Ice Cream,687-206-7871
rblumirebr,mantonaccibr,driver,BBQ Chicken Pizza,746-254-3405
jpodmorebs,egrellierbs,manager,Spicy Chicken Sausage Pizza,726-294-3688
emckirtonbt,gwilmorebt,customer,Hawaiian Pizza,267-306-2272
falyukinbu,udunseithbu,customer,Pacific Veggie Pizza,438-462-5345
tghelardonibv,bduignanbv,customer,Pepsi,202-590-1559
fbrainebw,rcorssenbw,customer,Pasta,222-616-7022
cnutkinbx,lestabrookbx,customer,Coca-Cola,688-166-5723
rjoderliby,imoneryby,customer,Wisconsin 6-Cheese Pizza,533-420-7590
kbaldellibz,ldarceybz,manager,Pacific Veggie Pizza,489-837-5177
agedlingc0,bmangenotc0,customer,7up,429-954-0781
cmethvenc1,fidec1,manager,Cheese Pizza,200-447-5782
etripettc2,mtolomeic2,driver,Caesar Salad,529-543-0943
nbourdonc3,dalfonsettoc3,manager,Breadsticks,811-384-4284
sscholigc4,hsaddlerc4,driver,Vegetarian Pizza,589-122-5286
adrohanec5,bphilc5,customer,Spinach & Feta Pizza,211-384-4327
ltrenowethc6,gbichenoc6,manager,Wisconsin 6-Cheese Pizza,606-152-7932
clabac7,slidstonec7,driver,Wisconsin 6-Cheese Pizza,266-686-4410
hlopezc8,lrohmerc8,driver,7up,147-313-3385
cterneyc9,amanleyc9,customer,7up,496-250-3718
rcannamca,mrosenshineca,driver,Breadsticks,341-361-5452
dbruntjencb,msomerliecb,manager,Pesto Margherita Pizza,871-129-7619
kdzeniskevichcc,jwoolencc,customer,Sprite,362-908-6661
nacostacd,dcallawaycd,manager,Cheese Pizza,875-667-2184
torigance,ttennetce,driver,Meat Lover's Pizza,484-327-6310
rdivisekcf,pcapenercf,customer,Nachos,686-740-5643
athurmancg,beverestcg,customer,Brownie,159-887-9724
dsiddlech,mdimatteoch,manager,Buffalo Chicken Pizza,607-479-0475
dkliemannci,wcolreinci,manager,Water Bottle,478-418-5259
mgrimmecj,hhamilcj,manager,Pepsi,821-998-6906
hduplainck,ddurransck,manager,Vegetarian Pizza,513-849-1990
jrentenbeckcl,aclearcl,manager,Chocolate Cake,699-287-2953
csearsbycm,dsmalingcm,customer,Nachos,281-466-7059
fmalsercn,bkarolewskicn,driver,Vegetarian Pizza,403-172-6918
jdebellisco,nhatherellco,customer,Spinach & Feta Pizza,190-283-5651
rbickercp,qfensomecp,manager,Nachos,875-375-7865
vtowllcq,oryleycq,manager,Spicy Chicken Sausage Pizza,360-731-4971
pglisanecr,eknightoncr,driver,Spicy Chicken Sausage Pizza,253-980-1816
eclimarcs,aemescs,driver,Cheese Pizza,839-251-8675
ccrosserct,jyarrowct,driver,Chocolate Cake,119-307-6493
lborncu,apawlettcu,manager,Sprite,821-783-4130
mridingcv,mowencv,manager,Spinach & Feta Pizza,426-628-4386
aweatherheadcw,hfrankiewiczcw,customer,Caesar Salad,414-209-9507
wsnuggcx,zwellumcx,manager,Ice Cream,573-232-7523
rburgottcy,amancktelowcy,customer,Breadsticks,226-693-8707
rjeecz,mdarlastoncz,customer,Pacific Veggie Pizza,253-593-4381
ebolgerd0,rglassd0,driver,Coca-Cola,255-604-7568
jepinoyd1,mbecksd1,customer,Pacific Veggie Pizza,929-728-4964
rdecourtd2,kstearndaled2,manager,Deluxe Pizza,629-477-4201
rgeilld3,nragatd3,customer,Hawaiian Pizza,219-144-4645
hreiskd4,jmccombed4,manager,Meat Lover's Pizza,172-976-3469
idimariad5,moreillyd5,customer,Water Bottle,592-145-5792
eburtenshawd6,obobaschd6,driver,Lemonade,348-936-8076
msincockd7,rvickard7,manager,Spicy Chicken Sausage Pizza,224-994-9672
lguthried8,ncavaneyd8,driver,Brownie,224-418-8397
igidneyd9,ijohld9,manager,Pepperoni Pizza,712-660-4417
jfancuttda,jjorckeda,driver,Pasta,481-424-5634
akleisledb,nruzekdb,customer,7up,153-577-7136
sjasikdc,gcoakerdc,manager,Pesto Margherita Pizza,438-590-3132
janderschdd,awaldrendd,driver,Spinach & Feta Pizza,772-796-4294
jkinningleyde,tjevesde,driver,Spinach & Feta Pizza,941-470-3493
nmaryetdf,nmacheldf,driver,Spinach & Feta Pizza,272-922-3414
rloddydg,kkeoghandg,customer,7up,265-933-1331
gpeealessdh,ltrousdelldh,customer,Pepperoni Pizza,400-450-0854
gormstondi,daylmoredi,manager,Spicy Chicken Sausage Pizza,569-364-0118
blegendj,rjaherdj,driver,Sprite,201-303-0080
mubsdalldk,cmaginndk,manager,Breadsticks,471-961-6222
jkelbererdl,rbraleydl,customer,Spicy Chicken Sausage Pizza,845-384-5384
ljeweldm,cgiraldm,driver,Breadsticks,863-728-3649
lmasselindn,rbogacedn,customer,7up,172-710-5897
spaolozzido,mmaccurtaindo,customer,Sprite,575-133-6230
fblackebydp,jnoultondp,driver,Brownie,848-526-8220
aschimanndq,bdixseedq,manager,Brownie,198-407-4913
rcoronadr,fcoggeshalldr,driver,Brownie,261-308-8017
splakds,hgatfieldds,manager,Spinach & Feta Pizza,924-861-4161
ddougandt,brawlldt,driver,Buffalo Chicken Pizza,632-881-3339
grankmoredu,eanfreydu,manager,Coca-Cola,971-130-5698
narmerdv,egillondv,driver,Brownie,274-161-6461
mmonellidw,bmephandw,manager,Spinach & Feta Pizza,954-572-9468
ceddingtondx,klinnanedx,customer,Caesar Salad,363-157-2658
mbortolonidy,vworswickdy,customer,Pesto Margherita Pizza,687-497-8465
blehemanndz,crugerdz,customer,Coca-Cola,409-409-3685
sskillinge0,afarhertye0,manager,Nachos,770-290-1321
tdymockee1,bbalasinie1,customer,Pasta,616-335-4153
dharrilde2,hstrongee2,manager,Chocolate Cake,858-190-5911
lkeetone3,mkaliszewskie3,customer,Breadsticks,562-672-3872
emallane4,cwellingse4,driver,BBQ Chicken Pizza,607-622-2983
lalfonsettie5,mchrestiene5,driver,Sprite,700-119-8916
gadrianelloe6,mwinghame6,driver,Buffalo Chicken Pizza,259-344-7972
aalabastare7,dheadingtone7,customer,Spicy Chicken Sausage Pizza,766-312-5381
mfrangletone8,ogillbee8,customer,Ice Cream,388-969-4869
jissacofe9,jdaborne9,manager,BBQ Chicken Pizza,707-246-1905
loakeea,mskeermorea,manager,BBQ Chicken Pizza,547-883-1661
ehoulsoneb,sagronskieb,manager,Hawaiian Pizza,313-947-7631
tscollanec,clindenbaumec,driver,Ice Cream,734-418-5230
fwoolfordeed,nfieldsended,customer,Buffalo Chicken Pizza,913-471-9279
dbillamee,bcairneyee,driver,Pesto Margherita Pizza,197-694-2036
aatheyef,etreswellef,driver,Fries,282-104-4700
cdowtryeg,cstuehmeiereg,manager,Brownie,699-918-7431
efawcetteh,chalwortheh,driver,Ice Cream,134-391-9058
abelliardei,lgaleaei,driver,Vegetarian Pizza,964-574-1584
hgurdonej,fbidgoodej,driver,BBQ Chicken Pizza,960-788-9912
akortingek,ageytonek,manager,BBQ Chicken Pizza,783-314-7169
wbeamissel,glawrencesonel,manager,Chocolate Cake,653-650-8693
cburderem,kbrunkerem,customer,Deluxe Pizza,464-812-4285
enovakovicen,gcoggingsen,customer,Fries,803-274-4907
dmourbeyeo,ashawleyeo,manager,Buffalo Chicken Pizza,457-187-4272
tmeinsep,kabbotsonep,driver,Coca-Cola,225-164-8703
umarusiceq,lgavriellyeq,driver,Pepsi,772-358-6817
asinnetter,eravenshearer,manager,Breadsticks,671-577-9481
gmorrillyes,mlowensohnes,customer,Hawaiian Pizza,888-207-0527
rvreedeet,cgaineet,manager,Wisconsin 6-Cheese Pizza,230-306-0807
schileseu,kbrithmaneu,driver,Breadsticks,675-853-9066
dyerillev,rkiralyev,manager,Breadsticks,180-555-6878
hdearsleyew,bbrodyew,customer,Pacific Veggie Pizza,466-237-8743
tstyanex,nskunesex,manager,Water Bottle,736-768-8089
pkershowey,kwilloughleyey,manager,Vegetarian Pizza,421-502-5215
bgammelez,bmalanez,customer,Meat Lover's Pizza,883-926-0680
mmartinetsf0,idelazennef0,driver,Vegetarian Pizza,168-875-6059
tpaylorf1,cglisonf1,customer,Water Bottle,821-617-2137
kwistancef2,ototenf2,customer,Meat Lover's Pizza,866-848-3940
acutcheyf3,xpridgeonf3,customer,Sprite,139-925-7049
rfullardf4,uwhilesf4,driver,Nachos,285-415-4525
tallchornf5,mfooterf5,driver,Spinach & Feta Pizza,969-934-0882
arudgef6,pdeernessf6,manager,Pasta,971-611-5522
djacobsenf7,kowttrimf7,customer,Fries,326-564-9221
swildef8,kdrewittf8,customer,Meat Lover's Pizza,405-223-3332
eferronif9,kodowgainef9,customer,BBQ Chicken Pizza,710-670-0314
akeppiefa,abachellierfa,customer,Breadsticks,964-307-7987
kfainfb,gpoltonefb,driver,Sprite,859-939-4690
lbatterbeefc,cstangofc,manager,Cheese Pizza,690-486-0040
dananfd,foulettfd,manager,Brownie,300-249-6171
dstanmanfe,gwykesfe,customer,Breadsticks,828-991-0383
oblackieff,iscyoneff,driver,Sprite,527-776-8867
tdikefg,vsteensonfg,manager,Hawaiian Pizza,775-486-4586
lwhaphamfh,rstottfh,customer,Buffalo Chicken Pizza,330-901-2188
ncavilfi,lcalltonefi,manager,Pacific Veggie Pizza,244-724-6153
bjackmanfj,ydanatfj,customer,BBQ Chicken Pizza,960-854-5115
rlloydwilliamsfk,ahawksleyfk,customer,Coca-Cola,843-191-7380
lmcelhargyfl,jedardsfl,manager,Wisconsin 6-Cheese Pizza,611-893-5598
wattawellfm,vjeskefm,manager,Spicy Chicken Sausage Pizza,629-259-9149
nleighfieldfn,yolifffn,driver,Breadsticks,560-137-5692
fclewlowefo,rnodefo,manager,Coca-Cola,676-358-6718
adorracottfp,mrichardetfp,customer,Vegetarian Pizza,286-829-5113
swreakfq,cbriskeyfq,driver,Coca-Cola,964-658-9063
mfallafr,tshopcottfr,driver,Coca-Cola,769-159-2989
apettecrewfs,sshimminfs,driver,Cheese Pizza,420-190-7392
bphiferft,ddavetft,customer,Caesar Salad,959-254-7560
cgopsellfu,nboswellfu,customer,Pesto Margherita Pizza,854-759-3233
ljeanequinfv,sgiacaponifv,customer,Spicy Chicken Sausage Pizza,608-334-9803
bfeltenfw,adollarfw,customer,Pesto Margherita Pizza,143-148-5156
vvaggesfx,nglasspoolefx,driver,Meat Lover's Pizza,457-268-1796
fmcanalleyfy,tloadsfy,manager,Buffalo Chicken Pizza,762-374-0855
ehandrikfz,hhellicarfz,driver,Water Bottle,125-215-1567
vsnookesg0,tdrinkhillg0,driver,BBQ Chicken Pizza,634-413-4676
dvinkg1,hburleighg1,manager,Pepperoni Pizza,467-521-3376
fkibbeyg2,htofflerg2,driver,Vegetarian Pizza,431-130-3898
mrubyg3,icajklerg3,manager,7up,474-320-5050
bquirkeg4,galoshking4,customer,Spinach & Feta Pizza,425-460-2230
dlofting5,gverseyg5,driver,Spinach & Feta Pizza,352-336-2985
aslaineyg6,ggaenorg6,manager,Breadsticks,528-439-2552
ipickeng7,rsutworthg7,customer,Fries,594-659-6925
vheinekeng8,hvigusg8,customer,Pasta,435-846-4477
jpickburng9,eklimentyonokg9,driver,Brownie,621-216-3686
mbrimsonga,kyushinga,manager,Water Bottle,610-150-2454
ahousemangb,ldagostinogb,driver,Caesar Salad,639-966-6076
mwrackgc,dblazagc,customer,Breadsticks,625-829-5351
jshivlingd,hvautregd,customer,Buffalo Chicken Pizza,885-141-9879
pfludderge,mellicege,driver,Brownie,987-100-8882
bblackbornegf,swanklingf,customer,Breadsticks,701-728-6537
jdregergg,kdibleygg,manager,Hawaiian Pizza,692-511-0981
jconquergh,sbeeblegh,driver,Pepperoni Pizza,183-657-0575
dhazlegi,nparvingi,customer,Meat Lover's Pizza,865-500-9622
salyoshingj,ophinnessygj,manager,Wisconsin 6-Cheese Pizza,830-281-8003
cyarngk,dcockarillgk,manager,Buffalo Chicken Pizza,571-167-9732
lyegorkovgl,ehadnygl,driver,Pacific Veggie Pizza,694-388-7394
stubbsgm,lolivettagm,driver,Hawaiian Pizza,417-791-7739
twildsgn,aransomegn,customer,Deluxe Pizza,238-737-3918
rreinergo,gmorbeygo,manager,Spicy Chicken Sausage Pizza,771-489-3516
msiggegp,wyounggp,driver,Meat Lover's Pizza,677-431-2321
azamorranogq,esignorelligq,customer,7up,258-776-1042
kamiablegr,mbeaumontgr,manager,Pasta,936-922-7664
wkyddegs,abassingdengs,customer,Pasta,787-309-5368
kharknessgt,gsustinsgt,customer,Caesar Salad,562-697-1942
aoubridgegu,htrewgu,driver,Breadsticks,206-894-6459
ggillattgv,istaplefordgv,driver,Pepperoni Pizza,775-292-2886
pdavanagw,fminghettigw,manager,Ice Cream,368-981-4331
cmanassgx,bclementegx,manager,Meat Lover's Pizza,482-738-7491
rivanishchevgy,esommertongy,manager,Cheese Pizza,483-816-3326
jmacclanceygz,galphegegz,customer,Hawaiian Pizza,499-355-4785
egamilh0,sglasgowh0,manager,Chocolate Cake,374-162-5605
hargyleh1,gstibbsh1,manager,Vegetarian Pizza,444-804-9213
kprinnetth2,ibarukhh2,customer,Fries,676-561-2977
bszreterh3,laristideh3,customer,Hawaiian Pizza,816-785-3779
edoucetteh4,rmiddlerh4,manager,Fries,432-163-6721
mklimah5,sstrottonh5,customer,Pepperoni Pizza,980-642-5655
rbisphamh6,zkilbourneh6,driver,Caesar Salad,867-516-2861
isenescallh7,dkiehnlth7,manager,Pacific Veggie Pizza,958-998-3019
mpawlynh8,bingsh8,driver,Lemonade,297-819-4985
bdumbreckh9,lrickasseh9,manager,Nachos,373-251-9964
bmargeryha,ktrowerha,customer,Ice Cream,303-507-5789
agiuronihb,astoddardhb,driver,Brownie,940-744-5769
eclemintonihc,ccardellohc,driver,Fries,729-864-7840
nlunbechhd,ldenchhd,customer,Pepsi,919-536-5575
kinderwickhe,rwhellamshe,manager,Pepperoni Pizza,456-792-0113
mpuckrinhf,hgepphf,customer,Spicy Chicken Sausage Pizza,903-315-8924
dmcpakehg,ymanuelhg,driver,Sprite,136-766-0055
clehrmannhh,lsirethh,driver,Lemonade,915-416-5002
emcanultyhi,arilletthi,manager,Vegetarian Pizza,746-698-1701
mtrigglehj,mexellhj,customer,Lemonade,465-882-7074
nnareyhk,ggouthk,driver,Wisconsin 6-Cheese Pizza,215-757-8379
bglasardhl,woffilerhl,manager,Vegetarian Pizza,160-199-7332
ecottinghamhm,rrandalhm,customer,BBQ Chicken Pizza,509-422-8955
tfawdreyhn,tamberhn,manager,Brownie,855-225-9005
mbestonho,nbretonho,driver,Sprite,215-572-1290
ajeanneauhp,ecabraleshp,manager,Caesar Salad,814-279-9536
rsimonyihq,jwagenhq,driver,Pesto Margherita Pizza,228-561-1956
kmeadenhr,bferrymanhr,driver,Pacific Veggie Pizza,137-715-5062
adavenporths,isiddlehs,driver,Cheese Pizza,794-777-6096
rdurnanht,abrainht,manager,7up,186-299-7352
epenahu,hgriolihu,customer,BBQ Chicken Pizza,716-417-7644
dglackinhv,smeneghihv,driver,Ice Cream,736-204-7171
whughfhw,sdiamondhw,customer,Nachos,602-538-3795
lfeatherstonhaughhx,hmattityahouhx,driver,Spinach & Feta Pizza,664-962-1236
tflyehy,mdosdellhy,customer,Coca-Cola,206-381-2480
gmanclarkhz,ccurmhz,manager,Nachos,118-427-8314
mgallacheri0,hmanifouldi0,driver,Cheese Pizza,383-789-7883
rlaffani1,kmulcocki1,customer,Fries,935-360-0487
gpowderi2,jchastneyi2,customer,Wisconsin 6-Cheese Pizza,944-906-2589
fquerneli3,mcoffelti3,driver,Spinach & Feta Pizza,660-223-1869
ltidmani4,edemseyi4,manager,Spinach & Feta Pizza,612-832-1662
emaryotti5,pthickpennyi5,manager,Ice Cream,332-272-4645
scarsbergi6,wcostini6,customer,Caesar Salad,792-688-1164
jokeyi7,igarlettei7,driver,Pepsi,600-619-9571
edawidi8,mbumphriesi8,manager,7up,784-675-9205
jthiesei9,dbarlasi9,customer,Buffalo Chicken Pizza,537-786-4154
lsweetloveia,mfardonia,driver,Vegetarian Pizza,377-665-5653
tholdrenib,pvincentib,driver,Pacific Veggie Pizza,874-248-8444
esheppeyic,adunleyic,customer,Pasta,321-885-2824
ndendleid,mbothenid,manager,Buffalo Chicken Pizza,852-469-4595
atomsaie,oseabrightie,manager,Pepsi,367-503-0803
cvandersonif,mdantoniif,manager,Hawaiian Pizza,379-871-2900
nashingdenig,ldavallig,customer,Spicy Chicken Sausage Pizza,243-576-2699
kthompsonih,agozardih,driver,Buffalo Chicken Pizza,608-800-4207
salgateii,rduesberryii,customer,Ice Cream,146-944-8177
ctremlettij,rbackhouseij,driver,Pepsi,444-980-4085
dmorfieldik,btalletik,driver,Brownie,824-280-2633
vmingayil,lchoudhuryil,manager,Ice Cream,258-666-9621
sfurmageim,tprobeyim,driver,Pepperoni Pizza,423-601-7950
sfullegarin,claisein,manager,BBQ Chicken Pizza,195-749-7365
yburminghamio,ahadleyio,customer,7up,434-612-4967
rsouthip,rmasseiip,manager,Spicy Chicken Sausage Pizza,525-540-1514
pseaboniq,ttaintoniq,driver,Caesar Salad,561-596-8006
kgentileir,dupstellir,driver,Ice Cream,949-768-4835
jferrerasis,rambageis,driver,Fries,236-902-9503
dcoareit,mcuseckit,driver,Deluxe Pizza,930-958-1819
rrewaniu,jgarfirthiu,manager,Cheese Pizza,375-516-9316
mkitchingmaniv,aventoniv,manager,Brownie,175-774-4287
cluceiw,agerraniw,driver,Cheese Pizza,713-942-1521
dscudix,rmckimmeyix,driver,Hawaiian Pizza,891-411-4118
jdrakeleyiy,egreatbachiy,driver,Pesto Margherita Pizza,636-947-9938
hgutansiz,dstanyeriz,customer,Breadsticks,685-875-6560
mscoughj0,amesnardj0,manager,Brownie,512-257-2654
jhannej1,drushworthj1,customer,Pacific Veggie Pizza,876-550-4117
mleilj2,mkinmondj2,customer,Coca-Cola,421-477-8270
bcraddyj3,cklouzj3,manager,Spinach & Feta Pizza,637-858-3155
eheikkinenj4,dgowriej4,driver,Chocolate Cake,208-649-6785
dcorneliusj5,lflodej5,manager,Chocolate Cake,566-169-3810
avankeevj6,frenzinij6,driver,Buffalo Chicken Pizza,959-705-8118
tcrolej7,nwatsamj7,manager,Spicy Chicken Sausage Pizza,382-144-1843
jsexstonej8,cbettyj8,customer,Pasta,457-105-6079
mtoothj9,dmanvellej9,driver,Ice Cream,357-916-8236
adeetlefsja,ewickliffeja,manager,Buffalo Chicken Pizza,909-509-7497
ecopestakejb,hruskejb,manager,Vegetarian Pizza,462-578-0419
lwildinjc,jteulierjc,driver,BBQ Chicken Pizza,509-709-7609
tsnelsonjd,emcasparanjd,customer,Nachos,990-213-2977
pkayneje,knormabellje,manager,Sprite,485-535-1843
dbreissanjf,lflacknelljf,customer,Pepperoni Pizza,250-625-2841
tbroschekjg,lfallowsjg,customer,7up,553-352-3563
asterrickjh,psplevingjh,customer,Nachos,209-575-3706
hbengtssonji,mcoggerji,manager,Meat Lover's Pizza,810-257-7143
amclenaghanjj,hherculsonjj,customer,Spinach & Feta Pizza,625-516-5653
elighternessjk,jandrzejjk,manager,Water Bottle,835-347-7760
rketchenjl,kcaldairoujl,driver,Meat Lover's Pizza,468-734-2412
mdarrowjm,dblampiedjm,customer,Fries,438-842-6488
elidgettjn,cedlynjn,customer,Breadsticks,484-709-9351
mkevanejo,aredhollsjo,customer,Pesto Margherita Pizza,841-894-6027
mwarnejp,rnegaljp,manager,Pepsi,911-593-5097
sschulerjq,sweedsjq,customer,Spicy Chicken Sausage Pizza,156-648-5475
cclossjr,ejozsikajr,customer,Cheese Pizza,735-172-9104
asedgefieldjs,wmcveighjs,customer,Chocolate Cake,757-538-8185
kvasyaninjt,djordinejt,driver,Wisconsin 6-Cheese Pizza,527-683-1672
gnotoju,gmccabeju,manager,7up,304-789-9230
flydiardjv,pharomejv,manager,Hawaiian Pizza,324-338-1171
pscoinesjw,cmenchentonjw,driver,BBQ Chicken Pizza,442-855-6536
speachmanjx,acavanaughjx,customer,BBQ Chicken Pizza,955-522-3180
sshrubsalljy,kbraunleinjy,manager,Pepperoni Pizza,994-471-1784
mderbyjz,mlivingstonjz,customer,Spicy Chicken Sausage Pizza,103-220-8165
gwisniewskik0,yscotcherk0,driver,Lemonade,541-950-3944
jtaigk1,vbenduhnk1,manager,Vegetarian Pizza,394-628-3955
skeigk2,bosbaldstonek2,customer,Spinach & Feta Pizza,145-944-6127
fayshfordk3,dtollettk3,driver,Breadsticks,729-597-0168
ppatryk4,anewittk4,manager,Wisconsin 6-Cheese Pizza,355-825-9483
cewlesk5,scorderok5,driver,Pesto Margherita Pizza,178-377-9523
mglossopk6,ecrushamk6,manager,Sprite,713-747-0873
scroucherk7,gbickerdickek7,driver,Deluxe Pizza,676-768-0544
rcanapek8,fhardeyk8,customer,Water Bottle,416-613-2846
cbendingk9,oheimsk9,customer,Spicy Chicken Sausage Pizza,918-656-3856
gthomassetka,cricardouka,manager,Water Bottle,103-465-4996
ccrotherskb,ssedgemankb,driver,Coca-Cola,363-409-5705
fdenshamkc,ldorkinkc,manager,BBQ Chicken Pizza,336-816-8886
dkabschkd,rstockowkd,driver,Brownie,847-813-5391
cwayteke,bsomersetke,customer,Caesar Salad,876-573-5173
mchessumkf,lblacketkf,customer,Chocolate Cake,553-883-5358
wstanburykg,eluckenkg,customer,Hawaiian Pizza,529-659-4665
fvickorskh,rdittsonkh,manager,Deluxe Pizza,861-175-0799
bmicoki,dsodoki,customer,Pasta,741-907-1675
mniblockkj,aoughtonkj,manager,Pesto Margherita Pizza,276-985-3157
dsivillkk,acolbrankk,customer,7up,324-293-5035
vkelliekl,dhunnkl,manager,Caesar Salad,362-456-8880
ydunstankm,hrumbelowkm,customer,Pepperoni Pizza,896-975-3926
wrizzillokn,jsheerskn,driver,Meat Lover's Pizza,999-680-1581
sheaterko,rkynetonko,customer,Nachos,733-229-4969
cblythinkp,mjozwickikp,driver,Spicy Chicken Sausage Pizza,256-419-6598
zgrimwoodkq,wmichaelkq,driver,Nachos,723-335-4477
swhitecrosskr,jbrophykr,customer,Ice Cream,460-294-0492
delliffks,jbredeks,manager,Water Bottle,319-219-9954
bcheasmankt,wcauncekt,manager,Ice Cream,619-568-7777
bisseleeku,eslideku,manager,Pasta,286-476-2597
santonionikv,tmcquillankv,manager,Lemonade,445-341-2604
abissattkw,edeperokw,driver,Cheese Pizza,692-276-2089
bmarchmentkx,fhirschkx,customer,Brownie,361-210-3376
rbrisky,aeliasky,customer,Spicy Chicken Sausage Pizza,469-214-9728
mgrishankovkz,pcabenakz,driver,Buffalo Chicken Pizza,906-433-9884
tpfefflel0,amacveanl0,manager,Pepperoni Pizza,863-543-2187
hledranel1,vliddiattl1,manager,Caesar Salad,735-649-9891
vstranksl2,ogoodredl2,driver,Nachos,718-430-3608
sespinazol3,lmcphillimeyl3,customer,BBQ Chicken Pizza,457-633-4288
pdowlesl4,tcapelenl4,driver,Wisconsin 6-Cheese Pizza,388-581-2609
rtretheweyl5,gminchintonl5,driver,Vegetarian Pizza,785-858-9563
amuldowniel6,vpanterl6,driver,Lemonade,342-986-7305
bwiggettl7,bpikettl7,driver,Pepperoni Pizza,654-788-4729
lgardenl8,rgeeritzl8,customer,Deluxe Pizza,595-555-3228
jallcroftl9,jdriscolll9,customer,Coca-Cola,637-157-9572
tminerla,csilkstonla,driver,Wisconsin 6-Cheese Pizza,958-567-2396
lkingsmilllb,bhamnetlb,customer,Deluxe Pizza,356-801-0894
gibbitsonlc,rhabenslc,customer,Caesar Salad,322-460-8477
tiacopold,btredgetld,customer,Hawaiian Pizza,168-525-8519
mtiplingle,awadworthle,customer,Vegetarian Pizza,592-782-7565
emauchlinelf,mphippslf,manager,Meat Lover's Pizza,940-655-2133
cgoodbandlg,bdodlg,customer,Pacific Veggie Pizza,954-671-7605
cheinonenlh,sirlamlh,driver,Water Bottle,951-110-6490
efetteplaceli,cwimmersli,customer,Spicy Chicken Sausage Pizza,911-901-8068
bleneylj,dselmanlj,customer,Chocolate Cake,284-286-3873
asodalk,phambribelk,driver,Water Bottle,524-911-2910
dmohringll,ayoslowitzll,customer,Fries,758-531-8825
lcleavelandlm,dclayilllm,customer,Water Bottle,471-239-8460
abeldonln,khuyhtonln,manager,Pepsi,918-202-0701
panscottlo,bbecerralo,manager,Brownie,644-548-8239
zilifflp,vpollerlp,customer,Pesto Margherita Pizza,783-112-9076
mshoubridgelq,kdenormanvillelq,manager,Hawaiian Pizza,377-542-1871
jscarffelr,hgreenheadlr,manager,Pasta,934-905-0342
ajochensls,msutterls,customer,Sprite,810-864-5671
nmalarkeylt,bdesousalt,customer,Pacific Veggie Pizza,768-518-2887
gboonelu,kmcnellylu,customer,Pacific Veggie Pizza,724-689-0641
rpinningtonlv,tvaggerslv,driver,Ice Cream,548-323-2984
charphamlw,jmcmechanlw,manager,Meat Lover's Pizza,282-761-9848
druffeylx,epeakerlx,customer,Hawaiian Pizza,922-432-0313
jtinkly,drispinly,driver,Brownie,595-319-1147
mschafflerlz,ltowerslz,driver,Hawaiian Pizza,774-714-2007
aclaidenm0,csnadenm0,driver,Chocolate Cake,179-226-2589
pexeterm1,bmorrowem1,customer,Spinach & Feta Pizza,340-810-0618
gcrumptonm2,cpienm2,manager,Pepsi,648-784-5456
kpenninom3,qkynderm3,driver,BBQ Chicken Pizza,176-266-2034
vreinertm4,brosengartm4,customer,Pepperoni Pizza,736-702-7129
tdewim5,tmutlowm5,driver,Deluxe Pizza,955-615-6520
gmandevillem6,lsheeranm6,customer,Pepperoni Pizza,652-296-4816
pschierschm7,dgayem7,driver,Chocolate Cake,649-610-6945
hfirebracem8,emenegom8,driver,Spicy Chicken Sausage Pizza,471-740-7271
gpeachamm9,dcorwinm9,manager,Pacific Veggie Pizza,238-855-7935
yfortiema,nchucksma,driver,Brownie,928-870-8727
blimpkinmb,sgouldthorpmb,customer,Pasta,548-729-7605
eashtonhurstmc,asandersmc,customer,Spinach & Feta Pizza,756-353-7672
fcranfieldmd,vcolliarmd,manager,Ice Cream,317-240-2381
hcostime,jgormallyme,customer,Pepsi,781-311-4892
tforganmf,gskelhornemf,customer,Buffalo Chicken Pizza,663-986-5414
ehowettmg,fnieldmg,manager,7up,124-363-1174
rkisarmh,srihanekmh,customer,Vegetarian Pizza,747-194-4650
ytohillmi,cjentzschmi,customer,Brownie,847-144-3446
atomekmj,bflatleymj,customer,Cheese Pizza,833-760-1553
wburchnallmk,cdykesmk,driver,Buffalo Chicken Pizza,458-467-6221
gbeautymanml,jkleynermansml,driver,Pesto Margherita Pizza,317-287-7548
mheskinsmm,csabinmm,manager,BBQ Chicken Pizza,773-659-3161
itummondmn,selmoremn,customer,Fries,639-706-8499
fpullmo,tdanovichmo,driver,Meat Lover's Pizza,542-715-2796
gmitchelmp,mkelwaymp,driver,Pepsi,801-353-6163
ejenicekmq,dthomsenmq,customer,7up,907-608-3820
sharesnaipmr,ehemphallmr,customer,Spicy Chicken Sausage Pizza,741-555-8788
fdaleyms,wstillms,manager,Vegetarian Pizza,646-220-8405
vkalkermt,achildemt,customer,Spicy Chicken Sausage Pizza,716-261-0956
lgoldenofirelandmu,dzoldmu,driver,Brownie,257-178-4272
qavelinemv,cscurrermv,driver,Spicy Chicken Sausage Pizza,812-976-1136
rpymmw,clambillionmw,manager,Caesar Salad,659-304-1182
lreevesmx,rtiernymx,customer,Pepperoni Pizza,993-933-2934
grobillartmy,kkornackimy,customer,Chocolate Cake,766-511-5333
npinnockemz,wroddamz,manager,BBQ Chicken Pizza,376-120-6156
dfilern0,rwellingtonn0,manager,Pasta,795-913-3385
nshorten1,lmoncktonn1,manager,Brownie,300-148-3215
kstathersn2,gavisn2,customer,Fries,289-231-2560
dhakeworthn3,kgaughann3,driver,Caesar Salad,312-574-7712
melyn4,wlynchn4,manager,Nachos,379-649-8104
malyukinn5,mdeversonn5,driver,Pepperoni Pizza,212-503-7127
lhaquardn6,njeanneln6,driver,Pacific Veggie Pizza,769-973-1823
cbolstridgen7,emacdougalln7,manager,Deluxe Pizza,879-635-3210
amathieun8,mlonglandn8,manager,Chocolate Cake,777-912-0279
bcrowdacen9,hpeersn9,customer,BBQ Chicken Pizza,131-643-2669
smcclurgna,agillmorna,driver,Caesar Salad,466-893-0505
sraesidenb,sbirtleynb,manager,Ice Cream,996-902-5635
lbidewelnc,tsandlenc,manager,Meat Lover's Pizza,338-539-9211
qnocklesnd,ctrelevennd,customer,Spinach & Feta Pizza,199-596-9473
zstrawbridgene,bdumingosne,customer,Pesto Margherita Pizza,899-817-6152
lfeeherynf,fduleynf,manager,Caesar Salad,933-453-7781
dradmerng,amessrutherng,customer,Wisconsin 6-Cheese Pizza,855-424-0647
crawdalesnh,acuddihynh,driver,Pasta,432-583-2991
bszreterni,glatekni,customer,Nachos,646-292-4001
igotthardnj,jzavittierinj,driver,Buffalo Chicken Pizza,216-861-8268
xmanuelynk,lmasink,manager,Pepsi,953-268-0274
nmanthanl,tbindingnl,customer,Wisconsin 6-Cheese Pizza,426-968-9515
ggallghernm,lemblinnm,customer,Hawaiian Pizza,825-130-5329
fkarpmannnn,llangcasternn,manager,Coca-Cola,675-626-3867
rroskeillyno,jfakeno,driver,Spicy Chicken Sausage Pizza,969-197-9635
gdredgenp,rglavinnp,customer,Pepsi,986-135-4733
uwillimotnq,kiblenq,customer,BBQ Chicken Pizza,642-324-5386
slampartnr,gblondellnr,customer,Spinach & Feta Pizza,532-466-6789
kcayettens,prushns,customer,BBQ Chicken Pizza,838-602-9165
cconklingnt,ehouchinnt,customer,Pepperoni Pizza,876-723-5976
dwishartnu,sdibbenu,driver,Wisconsin 6-Cheese Pizza,479-523-4206
astrappnv,sdootsonnv,customer,Lemonade,634-506-6451
grheadnw,lbernlinw,driver,Pasta,166-841-4879
cgaginnx,greddingsnx,driver,Pepsi,183-898-8005
kragsdaleny,redensorny,manager,Pesto Margherita Pizza,221-385-6399
llinzeenz,mwarrynz,driver,Meat Lover's Pizza,251-568-2111
colandao0,dcrannageo0,driver,Pepsi,923-187-8351
jdifrancescoo1,lpauluscho1,driver,Brownie,347-142-0083
cgowlando2,daugero2,manager,Deluxe Pizza,261-634-3748
istaineso3,ttetleyo3,manager,Fries,763-559-6173
pwilkennsono4,vpindredo4,manager,Meat Lover's Pizza,456-346-2900
tlazonbyo5,rbowno5,manager,Pacific Veggie Pizza,751-380-3545
tcrosioo6,sgallellio6,customer,Water Bottle,629-545-2914
gdurnallo7,ctivenano7,driver,Cheese Pizza,444-978-3534
jriddocko8,smarrowo8,customer,Brownie,466-187-8017
jfabero9,astangero9,driver,Fries,134-893-6729
edyeroa,amazziaoa,customer,Water Bottle,531-852-0079
stallowinob,cprandoob,customer,Cheese Pizza,328-677-5305
ckenfordoc,amaywardoc,driver,Fries,702-673-1656
dwoolnoughod,jlambod,driver,Pasta,789-140-2306
vmolianoe,kdimitriadesoe,driver,Buffalo Chicken Pizza,115-608-1776
dgarteryof,bthreadgouldof,manager,Hawaiian Pizza,668-114-8667
amedwayog,tlenoirog,driver,Spicy Chicken Sausage Pizza,225-942-6575
bashworthoh,smapplethorpeoh,driver,Deluxe Pizza,195-173-3469
cmariaudoi,thartfordoi,manager,Vegetarian Pizza,276-677-0477
eghiroldioj,mcorsanoj,customer,Pepsi,503-796-6926
sskainsok,tcabottook,manager,Caesar Salad,946-164-4544
wrainbowol,pbrosiol,manager,Pacific Veggie Pizza,859-371-4370
dkemsterom,ngrimbleom,driver,Hawaiian Pizza,649-782-6577
gaingeon,sscammellon,customer,Wisconsin 6-Cheese Pizza,720-515-8345
efilipyevoo,hmoorfieldoo,manager,Spicy Chicken Sausage Pizza,118-625-4261
rcargenvenop,dfiddlerop,manager,Coca-Cola,361-273-5041
gsabieoq,scricketoq,customer,Ice Cream,410-901-6803
lzorzuttior,lyurkinor,driver,Spinach & Feta Pizza,504-594-0010
dmaccarteros,sgilmouros,customer,BBQ Chicken Pizza,932-872-3830
lluckmanot,bbodyot,driver,Fries,963-266-5077
dbridellou,klekeuxou,customer,Cheese Pizza,228-846-9804
cmatonov,skeaysov,driver,Meat Lover's Pizza,575-326-2118
rshadfourthow,ebrockwellow,customer,Pepperoni Pizza,573-347-2650
pmichelox,cconstanceox,customer,Pesto Margherita Pizza,817-864-8471
dhauseoy,ltackettoy,driver,Pasta,843-944-9658
ygraddonoz,fwillshawoz,customer,Spicy Chicken Sausage Pizza,434-891-5712
lblinkhornp0,mthiesp0,manager,Brownie,697-626-7100
measthamp1,lnancarrowp1,driver,Vegetarian Pizza,624-163-8124
dsakerp2,jtolhurstp2,customer,Deluxe Pizza,538-896-9822
askinnerp3,aitzchakyp3,manager,Pepperoni Pizza,549-331-6974
tchoulertonp4,fmylchreestp4,customer,Lemonade,781-226-2011
fbernaciakp5,lbalserp5,driver,Sprite,447-595-3719
cgrzegoreckip6,nholberryp6,customer,Nachos,183-884-5372
dshakesbyp7,vtaffarellop7,customer,Chocolate Cake,525-438-5123
ekivlehanp8,aferreop8,driver,Chocolate Cake,984-726-3443
mballep9,rclappisonp9,manager,Pasta,391-270-5468
agilespa,wmacfadzanpa,driver,Pepsi,732-977-6550
skopferpb,ysherbrookepb,manager,Meat Lover's Pizza,697-982-4244
gwoodyattpc,efinlatorpc,customer,Water Bottle,541-813-4715
bgreenalfpd,ioquirkpd,customer,Buffalo Chicken Pizza,336-911-5665
fstollpe,aburehillpe,driver,Pasta,451-848-6737
mwombwellpf,rmckimmeypf,customer,Water Bottle,940-376-0890
rchipmanpg,ajermanpg,manager,Pasta,802-649-4059
nbeasantph,sgiamuzzoph,manager,Hawaiian Pizza,323-127-5223
byetmanpi,cfrickeypi,manager,Caesar Salad,319-419-3225
awixonpj,rstrittonpj,driver,Pasta,955-921-8539
wluceypk,hdacrespk,driver,Brownie,962-203-2358
bconvillepl,sramlotpl,customer,Deluxe Pizza,233-977-4470
jfarrinpm,emacelhargepm,customer,Chocolate Cake,188-104-9401
cchannerpn,abernhardipn,manager,Chocolate Cake,120-750-7110
egerrishpo,ggrillspo,manager,Pacific Veggie Pizza,323-483-7943
kgodthaabpp,vsorbeypp,driver,Caesar Salad,500-204-6392
pbarrackspq,kharlingpq,customer,Spicy Chicken Sausage Pizza,885-229-3086
dhacquelpr,lstonebankspr,customer,Spicy Chicken Sausage Pizza,687-597-0343
abertolinps,jkuhlmeyps,driver,Chocolate Cake,544-144-2665
jscogganspt,abrodypt,driver,Sprite,652-265-5168
lfirmingerpu,jtimspu,manager,Pepperoni Pizza,944-501-8547
pbattesonpv,mpeterkenpv,manager,Pepsi,744-595-4698
jnewartepw,pjancapw,driver,Hawaiian Pizza,254-141-5860
adinkinpx,amcgrorypx,customer,Deluxe Pizza,432-448-8143
jmccartypy,asellnerpy,customer,Spicy Chicken Sausage Pizza,215-891-5451
amckennanpz,sgocherpz,customer,Spicy Chicken Sausage Pizza,870-429-2005
tpittsq0,mdracksfordq0,driver,Lemonade,247-564-6761
wtrengoveq1,hmangonq1,manager,BBQ Chicken Pizza,754-932-0744
dbreissanq2,jkivitsq2,driver,Pepsi,161-888-3440
oonionsq3,rdominoq3,customer,Coca-Cola,250-527-5034
dbesemerq4,gstaresq4,customer,Brownie,756-731-5429
ctaintonq5,abynethq5,manager,Pesto Margherita Pizza,985-406-4261
jcraigmyleq6,hbournerq6,customer,Fries,588-522-4359
tgricewoodq7,aivashovq7,manager,Caesar Salad,116-265-1247
ecasillasq8,rspottiswoodq8,manager,Pesto Margherita Pizza,586-886-9552
ggaviniq9,eroyseq9,driver,Lemonade,112-774-0292
akillickqa,lbrosiqa,manager,Buffalo Chicken Pizza,834-369-6687
cphateplaceqb,fbentjeqb,customer,7up,939-604-7602
sbarbaryqc,aruckledgeqc,customer,Coca-Cola,773-945-1774
dsloeyqd,cgiacopettiqd,driver,Vegetarian Pizza,325-317-3312
zcrumpeqe,dickowiczqe,customer,Cheese Pizza,294-657-1306
bpookqf,fwrightqf,driver,Cheese Pizza,375-423-5449
moutridgeqg,tbellieqg,manager,Pepsi,248-148-3761
cjusterqh,lmaloneyqh,customer,Pasta,421-340-0948
abillsberryqi,rpeytoqi,manager,Hawaiian Pizza,906-753-2888
drobroeqj,gsorbyqj,customer,Fries,946-333-9271
rbrunelliqk,glowrieqk,driver,Lemonade,762-959-8786
pabrahamiql,acouchmanql,customer,BBQ Chicken Pizza,495-334-4139
laxcellqm,ccoalburnqm,driver,Vegetarian Pizza,877-680-8101
ksimekqn,tfinbyqn,driver,Nachos,247-416-8166
gflugerqo,ibilamqo,driver,Coca-Cola,312-799-8810
dpendleberryqp,fpopeleyqp,driver,Hawaiian Pizza,993-185-4357
gbrimblecombeqq,lnovacekqq,driver,Hawaiian Pizza,665-284-6614
scowlishawqr,ldressellqr,driver,Pepsi,829-546-1421
umackenqs,tartingstallqs,customer,Vegetarian Pizza,117-214-5049
sconrardqt,solmanqt,customer,Pasta,358-332-3818
opynnerqu,wcolefordqu,driver,Coca-Cola,171-364-6631
eruggieroqv,wyallowleyqv,driver,Coca-Cola,396-214-1304
gscampqw,meakleyqw,customer,Pasta,536-287-2974
jgrummittqx,gstrongeqx,customer,Nachos,886-467-2159
kbunnqy,abonsallqy,driver,Chocolate Cake,108-643-6760
tdunbarqz,skingeqz,driver,Breadsticks,351-316-2355
ndelaegliser0,dsurgeonerr0,customer,Caesar Salad,587-594-8770
htwigginsr1,dgainr1,driver,Spicy Chicken Sausage Pizza,932-909-2992
wtiernyr2,dfriskeyr2,manager,Ice Cream,524-755-7880
bthawr3,elacoster3,driver,Wisconsin 6-Cheese Pizza,296-426-0375
smcpeetersr4,ljesperr4,manager,Breadsticks,466-994-1448
lsarrellr5,rwingeatr5,manager,Buffalo Chicken Pizza,609-736-5324
pbelchamberr6,ddancyr6,customer,Coca-Cola,133-596-8103
lloachheadr7,mhellsdonr7,driver,Meat Lover's Pizza,346-837-2164
cgilbeyr8,vzisnerosr8,manager,Nachos,602-254-2903
celsleyr9,fleatherbarrowr9,customer,Sprite,366-517-9733
bcrysellra,szwickerra,driver,Deluxe Pizza,135-475-9160
sphillcoxrb,bhalfacrerb,customer,Pesto Margherita Pizza,338-900-0520
acarverhillrc,cransburyrc,driver,Coca-Cola,780-707-0851
svoadenrd,rdiceyrd,manager,Pasta,932-160-8095
cpruere,goluwatoyinre,manager,BBQ Chicken Pizza,331-981-0508
sbateyrf,hrussirf,driver,Pepperoni Pizza,597-520-8728
pnottrg,epetcherrg,driver,Buffalo Chicken Pizza,311-615-4645
gstannusrh,dmetcalfrh,customer,BBQ Chicken Pizza,207-922-7205
aclamperi,tbonsaleri,driver,Chocolate Cake,942-178-1025
gagettrj,vmulvihillrj,driver,Water Bottle,179-699-1655
dgiannazzork,dwilkersonrk,manager,Pasta,836-585-7151
estillerl,bhakingrl,driver,7up,119-876-8546
bfernehoughrm,jevequotrm,driver,Spinach & Feta Pizza,366-218-8221
lhaythornern,fmacgillacolmrn,driver,Pasta,250-942-6901
bsockellro,adavitashviliro,driver,Ice Cream,979-734-6670
mharsentrp,bsenechaultrp,customer,Cheese Pizza,874-149-7338
ryankeevrq,ccrookrq,driver,Nachos,512-242-8778
nremerrr,umcdermottrowrr,driver,Coca-Cola,611-999-1568
